Date;ETH;BTC;XRP;LTC;XLM
2016-01-01;0.948024;434.33;0.005955;3.51;0.001748
2016-01-02;0.937124;433.44;0.006065;3.5;0.001741
2016-01-03;0.971905;430.01;0.006017;3.48;0.001744
2016-01-04;0.95448;433.09;0.005958;3.5;0.001748
2016-01-05;0.950176;431.96;0.006044;3.47;0.001721
2016-01-06;0.95086;429.11;0.006003;3.45;0.001672
2016-01-07;0.942005;458.05;0.006039;3.6;0.001728
2016-01-08;0.986789;453.23;0.005933;3.57;0.001681
2016-01-09;0.986833;447.61;0.005982;3.56;0.001749
2016-01-10;0.999231;447.99;0.005956;3.54;0.001765
2016-01-11;1.06;448.43;0.005895;3.56;0.001739
2016-01-12;1.14;435.69;0.005854;3.49;0.001743
2016-01-13;1.13;432.37;0.005794;3.48;0.001824
2016-01-14;1.19;430.31;0.005529;3.47;0.001914
2016-01-15;1.21;364.33;0.005229;3;0.001737
2016-01-16;1.22;387.54;0.005112;3.09;0.001748
2016-01-17;1.33;382.3;0.005266;3.03;0.001714
2016-01-18;1.43;387.17;0.005326;3.05;0.001711
2016-01-19;1.37;380.15;0.005271;3.02;0.001826
2016-01-20;1.53;420.23;0.005381;3.39;0.001821
2016-01-21;1.55;410.26;0.005313;3.22;0.001738
2016-01-22;1.5;382.49;0.005114;3.08;0.001704
2016-01-23;1.97;387.49;0.00512;3.1;0.001696
2016-01-24;2.14;402.97;0.005219;3.18;0.001723
2016-01-25;2.5;391.73;0.005135;3.13;0.001709
2016-01-26;2.28;392.15;0.005419;3.15;0.001901
2016-01-27;2.39;394.97;0.006506;3.29;0.002235
2016-01-28;2.53;380.29;0.006226;3.12;0.001908
2016-01-29;2.49;379.47;0.00684;3.11;0.001888
2016-01-30;2.45;378.26;0.006634;3.08;0.001735
2016-01-31;2.31;368.77;0.006399;3.05;0.001776
2016-02-01;2.21;373.06;0.006542;3.08;0.001792
2016-02-02;2.44;374.45;0.006768;3.08;0.001796
2016-02-03;2.53;369.95;0.006883;3.05;0.001807
2016-02-04;2.58;389.59;0.00697;3.16;0.001803
2016-02-05;2.54;386.55;0.007262;3.14;0.001834
2016-02-06;2.53;376.52;0.007922;3.1;0.001864
2016-02-07;2.96;376.62;0.008338;3.09;0.001852
2016-02-08;3.18;373.45;0.007991;3.06;0.001841
2016-02-09;4.04;376.03;0.007815;3.08;0.001826
2016-02-10;4.44;381.65;0.007853;3.1;0.001849
2016-02-11;6.01;379.65;0.007815;3.08;0.001878
2016-02-12;5.55;384.26;0.007979;3.11;0.002344
2016-02-13;5.39;391.86;0.008257;3.13;0.002203
2016-02-14;5.24;407.23;0.00859;3.21;0.00219
2016-02-15;5.29;400.18;0.008631;3.18;0.002203
2016-02-16;4.32;407.49;0.008451;3.21;0.002649
2016-02-17;3.76;416.32;0.008138;3.24;0.002158
2016-02-18;4.4;422.37;0.007995;3.25;0.002122
2016-02-19;4.74;420.79;0.008245;3.25;0.00211
2016-02-20;4.34;437.16;0.008253;3.46;0.002101
2016-02-21;4.65;438.8;0.0081;3.46;0.002157
2016-02-22;5.62;437.75;0.00805;3.48;0.001976
2016-02-23;5.59;420.74;0.00797;3.4;0.001903
2016-02-24;6.24;424.95;0.008076;3.37;0.001959
2016-02-25;6.1;424.54;0.008027;3.37;0.001975
2016-02-26;5.92;432.15;0.008058;3.42;0.001943
2016-02-27;6.43;432.52;0.007972;3.41;0.002003
2016-02-28;6.47;433.5;0.007889;3.44;0.001981
2016-02-29;6.34;437.7;0.007923;3.45;0.001949
2016-03-01;7.65;435.12;0.008006;3.43;0.001909
2016-03-02;8.47;423.99;0.00803;3.37;0.001884
2016-03-03;9.29;421.65;0.008162;3.32;0.00189
2016-03-04;10.41;410.94;0.008096;3.25;0.001914
2016-03-05;11;400.57;0.007878;3.19;0.001824
2016-03-06;11.38;407.71;0.00786;3.22;0.001938
2016-03-07;9.55;414.32;0.007918;3.27;0.002392
2016-03-08;9.85;413.97;0.007949;3.25;0.002216
2016-03-09;11.9;414.86;0.008056;3.28;0.002229
2016-03-10;11.31;417.13;0.00819;3.29;0.002368
2016-03-11;11.08;421.69;0.008803;3.38;0.002567
2016-03-12;13.53;411.62;0.0087;3.29;0.00227
2016-03-13;14.48;414.07;0.008635;3.31;0.002177
2016-03-14;12.45;416.44;0.008479;3.3;0.002138
2016-03-15;13.01;416.83;0.008186;3.31;0.002193
2016-03-16;12.52;417.01;0.008178;3.31;0.002136
2016-03-17;11.08;420.62;0.008287;3.31;0.002147
2016-03-18;11;409.55;0.008119;3.17;0.00198
2016-03-19;10.53;410.44;0.008016;3.18;0.002015
2016-03-20;10.32;413.76;0.00796;3.21;0.002088
2016-03-21;11.86;413.31;0.008047;3.2;0.002074
2016-03-22;11.27;418.09;0.00811;3.23;0.002079
2016-03-23;12.42;418.04;0.008332;3.24;0.002174
2016-03-24;11.23;416.39;0.00823;3.22;0.00208
2016-03-25;10.74;417.18;0.008191;3.23;0.002076
2016-03-26;10.97;417.95;0.008066;3.23;0.002059
2016-03-27;10.42;426.77;0.008029;3.3;0.002027
2016-03-28;11.67;424.23;0.007564;3.26;0.002113
2016-03-29;11.66;416.52;0.007566;3.23;0.002087
2016-03-30;11.95;414.82;0.007332;3.22;0.002039
2016-03-31;11.4;416.73;0.007391;3.26;0.002027
2016-04-01;11.66;417.96;0.007418;3.24;0.002047
2016-04-02;11.6;420.87;0.007501;3.26;0.002089
2016-04-03;11.62;420.9;0.007503;3.26;0.00221
2016-04-04;11.16;421.44;0.007491;3.25;0.002294
2016-04-05;10.44;424.03;0.007474;3.25;0.00216
2016-04-06;10.69;423.41;0.007296;3.26;0.002163
2016-04-07;10.07;422.74;0.006875;3.25;0.002155
2016-04-08;9.72;420.35;0.006671;3.22;0.002184
2016-04-09;9.15;419.41;0.006288;3.22;0.002017
2016-04-10;8.94;421.56;0.005937;3.23;0.001882
2016-04-11;8.64;422.48;0.006048;3.24;0.001903
2016-04-12;7.44;425.19;0.005885;3.26;0.001871
2016-04-13;8.04;423.73;0.005695;3.24;0.001863
2016-04-14;8.39;424.28;0.006289;3.24;0.001877
2016-04-15;8.24;429.71;0.006424;3.28;0.001879
2016-04-16;8.61;430.57;0.00651;3.27;0.001922
2016-04-17;9.31;427.4;0.006499;3.26;0.001899
2016-04-18;9.04;428.59;0.006987;3.24;0.001903
2016-04-19;8.71;435.51;0.007118;3.29;0.001929
2016-04-20;8.47;441.39;0.007244;3.28;0.001928
2016-04-21;8.1;449.42;0.007433;3.35;0.001874
2016-04-22;7.82;445.74;0.007284;3.32;0.001917
2016-04-23;8.29;450.28;0.007346;3.33;0.001926
2016-04-24;8;458.55;0.007251;3.63;0.001912
2016-04-25;7.55;461.43;0.007283;3.81;0.001876
2016-04-26;7.4;466.09;0.007095;4.05;0.001819
2016-04-27;7.76;444.69;0.006725;3.89;0.001832
2016-04-28;7.17;449.01;0.006686;3.79;0.001904
2016-04-29;7.46;455.1;0.006759;3.81;0.001849
2016-04-30;8.81;448.32;0.006812;3.66;0.001852
2016-05-01;8.85;451.88;0.006791;3.71;0.001883
2016-05-02;10.16;444.67;0.006714;3.68;0.001868
2016-05-03;9.31;450.3;0.00656;3.74;0.001862
2016-05-04;9.41;446.72;0.006323;3.75;0.001865
2016-05-05;9.83;447.98;0.006193;3.71;0.00184
2016-05-06;9.35;459.6;0.006399;3.82;0.001829
2016-05-07;9.37;458.54;0.00649;3.95;0.001814
2016-05-08;9.48;458.55;0.006404;3.94;0.001796
2016-05-09;9.3;460.48;0.006399;4.06;0.001802
2016-05-10;9.36;450.89;0.006272;3.82;0.001774
2016-05-11;10;452.73;0.006189;3.88;0.001797
2016-05-12;10.06;454.77;0.006167;3.86;0.0018
2016-05-13;10.51;455.67;0.006109;3.93;0.00177
2016-05-14;10.24;455.67;0.006073;4.01;0.001781
2016-05-15;9.96;457.57;0.006061;4.06;0.001762
2016-05-16;11.17;454.16;0.006022;4.01;0.001724
2016-05-17;12.2;453.78;0.006023;3.98;0.001692
2016-05-18;13.56;454.62;0.006028;4;0.001711
2016-05-19;14.77;438.71;0.006032;3.83;0.001661
2016-05-20;13.64;442.68;0.006084;3.88;0.001649
2016-05-21;14.02;443.19;0.00599;3.95;0.001634
2016-05-22;14.29;439.32;0.005936;3.93;0.001626
2016-05-23;13.46;444.15;0.005909;3.97;0.001599
2016-05-24;12.73;445.98;0.005962;3.95;0.001608
2016-05-25;12.53;449.6;0.005756;4.05;0.00155
2016-05-26;12.43;453.38;0.005669;4.08;0.001489
2016-05-27;11.3;473.46;0.005679;4.5;0.001444
2016-05-28;11.89;530.04;0.005682;4.7;0.001476
2016-05-29;12.35;526.23;0.005662;4.61;0.001497
2016-05-30;12.73;533.86;0.005748;4.67;0.00151
2016-05-31;14.08;531.39;0.005706;4.65;0.001543
2016-06-01;14;536.92;0.005809;4.74;0.001525
2016-06-02;13.74;537.97;0.005766;4.72;0.001512
2016-06-03;13.85;569.19;0.005827;4.86;0.00153
2016-06-04;13.74;572.73;0.00578;4.81;0.001527
2016-06-05;13.98;574.98;0.005796;4.81;0.001498
2016-06-06;13.93;585.54;0.005769;4.96;0.001496
2016-06-07;14.51;576.6;0.00578;4.77;0.001488
2016-06-08;14.42;581.65;0.00577;4.75;0.001497
2016-06-09;14.4;574.63;0.005788;4.69;0.001587
2016-06-10;13.91;577.47;0.005736;4.84;0.001573
2016-06-11;14.19;606.73;0.005766;5.01;0.001576
2016-06-12;15.74;672.78;0.005852;5.33;0.00162
2016-06-13;17.6;704.38;0.005824;5.29;0.001561
2016-06-14;18.89;685.56;0.007105;5.2;0.001754
2016-06-15;18.35;694.47;0.006887;5.24;0.001668
2016-06-16;20.59;766.31;0.006676;5.66;0.001722
2016-06-17;15.38;748.91;0.006693;5.59;0.001697
2016-06-18;11.33;756.23;0.006604;5.56;0.001758
2016-06-19;12.23;763.78;0.006813;5.59;0.001831
2016-06-20;11.84;737.23;0.006626;5.29;0.001774
2016-06-21;13.31;666.65;0.006172;4.82;0.001711
2016-06-22;13.1;596.12;0.006495;3.91;0.00162
2016-06-23;13.68;623.98;0.006381;3.85;0.001666
2016-06-24;14.33;665.3;0.006434;4.28;0.001786
2016-06-25;14.28;665.12;0.006414;4.23;0.001788
2016-06-26;13.85;629.37;0.0064;4.07;0.002026
2016-06-27;13.88;655.28;0.006398;4.12;0.002657
2016-06-28;12.18;647;0.006773;4.1;0.002333
2016-06-29;12.61;639.89;0.006777;4.06;0.00204
2016-06-30;12.46;673.34;0.006657;4.19;0.002143
2016-07-01;12.2;676.3;0.006787;4.26;0.002035
2016-07-02;12.13;703.7;0.006699;4.59;0.00204
2016-07-03;11.72;658.66;0.006607;4.25;0.001928
2016-07-04;11.47;683.66;0.007028;4.54;0.001935
2016-07-05;10.61;670.63;0.006699;4.45;0.001869
2016-07-06;10.53;677.33;0.006691;4.47;0.001846
2016-07-07;10.11;640.56;0.006598;4.11;0.00174
2016-07-08;11.39;666.52;0.006715;4.22;0.00187
2016-07-09;10.97;650.96;0.006679;4.16;0.001763
2016-07-10;10.95;649.36;0.006674;4.1;0.001852
2016-07-11;10.46;647.66;0.006534;4.09;0.001809
2016-07-12;10.52;664.55;0.00635;4.15;0.001991
2016-07-13;10.5;654.47;0.006411;4.14;0.002164
2016-07-14;11.51;658.08;0.006385;4.15;0.002039
2016-07-15;11.95;663.26;0.006442;4.16;0.001977
2016-07-16;11.65;660.77;0.006572;4.13;0.001926
2016-07-17;11.16;679.46;0.006538;4.19;0.001925
2016-07-18;11.03;673.11;0.006482;4.15;0.001982
2016-07-19;11.62;672.86;0.006405;4.15;0.0019
2016-07-20;12.45;665.68;0.006395;4.13;0.001862
2016-07-21;12.65;665.01;0.006416;4.12;0.001839
2016-07-22;14.66;650.62;0.006303;4.04;0.001824
2016-07-23;14.3;655.56;0.006317;4.06;0.002084
2016-07-24;12.75;661.28;0.006286;4.07;0.002253
2016-07-25;13.84;654.1;0.006246;4.03;0.002143
2016-07-26;11.99;651.78;0.005998;3.97;0.001939
2016-07-27;12.97;654.35;0.005969;3.96;0.001931
2016-07-28;12.84;655.03;0.005974;3.97;0.001948
2016-07-29;12.79;656.99;0.006111;4.08;0.002013
2016-07-30;12.46;655.05;0.006121;4.06;0.00194
2016-07-31;11.88;624.68;0.005945;4.01;0.001916
2016-08-01;10.94;606.27;0.005906;3.86;0.001874
2016-08-02;8.79;547.47;0.00569;3.64;0.001736
2016-08-03;10.29;566.35;0.005646;3.72;0.001804
2016-08-04;11.04;578.29;0.005816;3.75;0.001879
2016-08-05;10.93;575.04;0.006447;3.73;0.0019
2016-08-06;10.88;587.78;0.006337;3.76;0.001956
2016-08-07;10.91;592.69;0.006178;3.78;0.001888
2016-08-08;11.25;591.05;0.006027;3.79;0.001848
2016-08-09;12.24;587.8;0.006163;3.76;0.001871
2016-08-10;12.14;592.1;0.006194;3.72;0.001892
2016-08-11;11.69;589.12;0.006189;3.74;0.001889
2016-08-12;11.78;587.56;0.006123;3.71;0.001831
2016-08-13;11.57;585.59;0.006092;3.71;0.002038
2016-08-14;11.19;570.47;0.005994;3.65;0.002005
2016-08-15;11.22;567.24;0.006045;3.58;0.002019
2016-08-16;11.14;577.44;0.00614;3.64;0.002016
2016-08-17;10.75;573.22;0.006109;3.6;0.001993
2016-08-18;10.76;574.32;0.006122;3.61;0.001976
2016-08-19;10.75;575.63;0.006119;3.6;0.001963
2016-08-20;11.25;581.7;0.006114;3.62;0.00193
2016-08-21;11.18;581.31;0.006052;3.62;0.001908
2016-08-22;11.12;586.75;0.006;3.66;0.001919
2016-08-23;11.03;583.41;0.006019;3.93;0.001878
2016-08-24;11.04;580.18;0.006052;3.86;0.001888
2016-08-25;11.36;577.76;0.006079;3.8;0.001874
2016-08-26;11.3;579.65;0.00603;3.83;0.001888
2016-08-27;11.15;569.95;0.005975;3.74;0.001862
2016-08-28;10.93;573.91;0.005963;3.74;0.001808
2016-08-29;10.98;574.11;0.006131;3.76;0.00183
2016-08-30;11.23;577.5;0.006026;3.8;0.00185
2016-08-31;11.67;575.47;0.006012;3.8;0.001906
2016-09-01;11.99;572.3;0.005984;3.83;0.001887
2016-09-02;12.11;575.54;0.00597;3.82;0.001885
2016-09-03;11.76;598.21;0.005964;3.89;0.001902
2016-09-04;11.68;608.63;0.005954;4.01;0.001934
2016-09-05;11.72;606.59;0.005932;3.98;0.001912
2016-09-06;11.69;610.44;0.005912;3.97;0.001925
2016-09-07;11.55;614.54;0.005892;3.97;0.001925
2016-09-08;11.35;626.32;0.005902;3.99;0.001931
2016-09-09;11.65;622.86;0.005869;3.97;0.00202
2016-09-10;12.17;623.51;0.00587;3.97;0.002032
2016-09-11;11.64;606.72;0.005842;3.86;0.001966
2016-09-12;11.89;608.24;0.005897;3.82;0.00194
2016-09-13;11.92;609.24;0.005886;3.82;0.001951
2016-09-14;11.92;610.68;0.005961;3.83;0.001963
2016-09-15;11.94;607.16;0.008303;3.81;0.002319
2016-09-16;12.56;606.97;0.007446;3.81;0.002082
2016-09-17;12.7;605.98;0.007018;3.81;0.002162
2016-09-18;12.43;609.87;0.006853;4.04;0.00209
2016-09-19;13.19;609.23;0.006858;3.83;0.002127
2016-09-20;14.43;608.31;0.006785;3.84;0.002052
2016-09-21;13.77;597.15;0.006829;3.84;0.002085
2016-09-22;13.25;596.3;0.006843;3.77;0.002138
2016-09-23;13.33;602.84;0.007211;3.81;0.002083
2016-09-24;12.88;602.63;0.007362;3.81;0.002219
2016-09-25;13.1;600.83;0.007855;3.81;0.002454
2016-09-26;12.82;608.04;0.007963;3.86;0.002385
2016-09-27;13.1;606.17;0.008229;3.85;0.002549
2016-09-28;13.27;604.73;0.009048;3.84;0.003149
2016-09-29;13.07;605.69;0.008914;3.85;0.003066
2016-09-30;13.22;609.73;0.00883;3.84;0.002847
2016-10-01;13.17;613.98;0.008205;3.85;0.002763
2016-10-02;13.2;610.89;0.008165;3.84;0.002867
2016-10-03;13.45;612.13;0.008089;3.84;0.00271
2016-10-04;13.28;610.2;0.007853;3.82;0.00259
2016-10-05;13.04;612.51;0.007435;3.84;0.002485
2016-10-06;12.85;613.02;0.007382;3.85;0.002306
2016-10-07;12.67;617.12;0.007377;3.86;0.002374
2016-10-08;12.22;619.11;0.00731;3.84;0.002317
2016-10-09;12.05;616.75;0.007543;3.82;0.002376
2016-10-10;11.76;618.99;0.007978;3.8;0.002466
2016-10-11;11.79;641.07;0.008234;3.82;0.002679
2016-10-12;11.93;636.19;0.007949;3.76;0.002637
2016-10-13;11.96;636.79;0.007982;3.91;0.002539
2016-10-14;11.94;640.38;0.008767;3.9;0.002479
2016-10-15;11.98;638.65;0.008146;3.87;0.002439
2016-10-16;11.95;641.63;0.008078;3.89;0.002418
2016-10-17;12.01;639.19;0.00803;3.91;0.002291
2016-10-18;12.59;637.96;0.00835;3.84;0.002388
2016-10-19;12.02;630.52;0.008627;3.8;0.002339
2016-10-20;12.1;630.86;0.009092;3.78;0.00267
2016-10-21;12.18;632.83;0.009029;3.81;0.002476
2016-10-22;12.07;657.29;0.008972;3.89;0.002407
2016-10-23;12.04;657.07;0.009454;3.92;0.002438
2016-10-24;11.97;653.76;0.009065;3.87;0.002471
2016-10-25;11.41;657.59;0.008891;3.9;0.002357
2016-10-26;11.53;678.3;0.008835;3.96;0.002338
2016-10-27;11.5;688.31;0.008481;4.02;0.002176
2016-10-28;11.09;689.65;0.008143;3.97;0.002095
2016-10-29;10.44;714.48;0.007732;4.09;0.001957
2016-10-30;11.18;701.86;0.008014;4.03;0.002127
2016-10-31;11;700.97;0.008196;3.99;0.002088
2016-11-01;10.77;729.79;0.008102;4.09;0.001976
2016-11-02;10.75;740.83;0.008222;4.1;0.002023
2016-11-03;10.8;688.7;0.008021;3.86;0.001994
2016-11-04;11.09;703.23;0.008157;3.88;0.001999
2016-11-05;11;703.42;0.00823;3.87;0.002021
2016-11-06;10.87;711.52;0.008193;3.89;0.001959
2016-11-07;10.81;703.13;0.008108;3.84;0.002013
2016-11-08;10.83;709.85;0.008206;3.84;0.001986
2016-11-09;10.66;723.27;0.008079;3.86;0.001968
2016-11-10;10.52;715.53;0.008136;3.82;0.001948
2016-11-11;10.29;716.41;0.008065;3.82;0.001913
2016-11-12;9.88;705.05;0.008044;3.76;0.001899
2016-11-13;10.1;702.03;0.008257;3.88;0.001896
2016-11-14;9.97;705.02;0.008098;3.88;0.00188
2016-11-15;10.22;711.62;0.007881;3.89;0.001853
2016-11-16;10.06;744.2;0.007842;4.02;0.001772
2016-11-17;9.99;740.98;0.007727;3.94;0.00182
2016-11-18;9.48;751.59;0.007778;3.96;0.001807
2016-11-19;9.66;751.62;0.007799;3.95;0.001796
2016-11-20;9.58;731.03;0.007651;3.92;0.00176
2016-11-21;9.62;739.25;0.007566;3.94;0.001755
2016-11-22;9.91;751.35;0.007434;3.95;0.001735
2016-11-23;9.84;744.59;0.007061;3.93;0.001733
2016-11-24;9.23;740.29;0.00695;3.91;0.001691
2016-11-25;9.4;741.65;0.006902;3.92;0.001722
2016-11-26;9.33;735.38;0.00739;3.89;0.001649
2016-11-27;9;732.03;0.007074;3.88;0.001665
2016-11-28;8.72;735.81;0.007008;3.88;0.001655
2016-11-29;8.17;735.6;0.00678;3.87;0.001667
2016-11-30;8.59;745.69;0.006723;3.89;0.001629
2016-12-01;8.45;756.77;0.006702;3.91;0.001619
2016-12-02;7.76;777.94;0.00666;3.95;0.001529
2016-12-03;7.92;771.16;0.006588;3.92;0.001592
2016-12-04;7.44;773.87;0.006527;3.9;0.001532
2016-12-05;6.82;758.7;0.006434;3.53;0.001542
2016-12-06;7.87;764.22;0.006655;3.54;0.002666
2016-12-07;8.38;768.13;0.006851;3.62;0.002767
2016-12-08;8.23;770.81;0.007097;3.69;0.002421
2016-12-09;8.45;772.79;0.007135;3.69;0.002545
2016-12-10;8.13;774.65;0.006816;3.68;0.002233
2016-12-11;8.19;769.73;0.006744;3.64;0.002353
2016-12-12;8.52;780.09;0.006778;3.66;0.002272
2016-12-13;8.42;780.56;0.006708;3.65;0.002158
2016-12-14;8.27;781.48;0.006705;3.62;0.00215
2016-12-15;7.83;778.09;0.006662;3.62;0.002802
2016-12-16;7.86;784.91;0.00671;3.63;0.003123
2016-12-17;7.88;790.83;0.006541;3.7;0.002772
2016-12-18;7.87;790.53;0.006574;3.68;0.0029
2016-12-19;7.64;792.71;0.006545;3.66;0.002868
2016-12-20;7.66;800.88;0.0065;3.66;0.002836
2016-12-21;7.91;834.28;0.006445;3.65;0.00281
2016-12-22;7.59;864.54;0.006363;3.71;0.002751
2016-12-23;7.17;921.98;0.006286;4.66;0.002646
2016-12-24;7.27;898.82;0.006349;4.55;0.002691
2016-12-25;7.18;896.18;0.006444;4.35;0.002578
2016-12-26;7.27;907.61;0.006326;4.36;0.002657
2016-12-27;7.17;933.2;0.006199;4.47;0.002543
2016-12-28;7.52;975.92;0.006173;4.57;0.002509
2016-12-29;8.28;973.5;0.006341;4.56;0.002559
2016-12-30;8.16;961.24;0.006426;4.39;0.002544
2016-12-31;7.97;963.74;0.006449;4.33;0.002469
2017-01-01;8.17;998.33;0.006368;4.51;0.002481
2017-01-02;8.38;1021.75;0.006311;4.65;0.002477
2017-01-03;9.73;1043.84;0.006386;4.63;0.002554
2017-01-04;11.25;1154.73;0.00657;4.84;0.002735
2017-01-05;10.25;1013.38;0.006201;4.29;0.002598
2017-01-06;10.25;902.2;0.006315;3.86;0.002494
2017-01-07;9.87;908.59;0.006366;3.96;0.002396
2017-01-08;10.29;911.2;0.006233;3.99;0.002355
2017-01-09;10.33;902.83;0.006167;4.3;0.002347
2017-01-10;10.55;907.68;0.006698;4.59;0.002355
2017-01-11;9.72;777.76;0.006411;3.85;0.002089
2017-01-12;9.86;804.83;0.006423;3.96;0.002475
2017-01-13;9.77;823.98;0.006596;3.89;0.002398
2017-01-14;9.65;818.41;0.006863;3.9;0.002472
2017-01-15;9.9;821.8;0.006726;3.93;0.002441
2017-01-16;9.64;831.53;0.006788;3.9;0.00238
2017-01-17;10.3;907.94;0.0068;3.94;0.002545
2017-01-18;10.23;886.62;0.006709;3.84;0.002481
2017-01-19;10.4;899.07;0.007034;3.86;0.002349
2017-01-20;10.6;895.03;0.006675;3.89;0.002357
2017-01-21;10.91;921.79;0.006706;3.9;0.002301
2017-01-22;10.7;924.67;0.006713;3.84;0.002336
2017-01-23;10.82;921.01;0.006697;3.84;0.002332
2017-01-24;10.63;892.69;0.00654;3.79;0.002234
2017-01-25;10.57;901.54;0.006513;3.71;0.002157
2017-01-26;10.59;917.59;0.00669;3.83;0.002197
2017-01-27;10.54;919.75;0.006415;3.86;0.002196
2017-01-28;10.56;921.59;0.006342;3.85;0.002192
2017-01-29;10.48;919.5;0.006402;3.85;0.002225
2017-01-30;10.57;920.38;0.006381;4.02;0.002458
2017-01-31;10.73;970.4;0.006314;4.08;0.002371
2017-02-01;10.73;989.02;0.00654;4.08;0.002357
2017-02-02;10.82;1011.8;0.006469;4.09;0.00242
2017-02-03;11.11;1029.91;0.006474;4.08;0.002399
2017-02-04;11.43;1042.9;0.006492;4.06;0.002391
2017-02-05;11.35;1027.34;0.006442;4.04;0.002344
2017-02-06;11.39;1038.15;0.00645;4.04;0.002369
2017-02-07;11.52;1061.35;0.006407;4.04;0.002319
2017-02-08;11.43;1063.07;0.006438;4.02;0.002235
2017-02-09;11.03;994.38;0.006374;3.8;0.002155
2017-02-10;11.28;988.67;0.006289;3.78;0.002141
2017-02-11;11.35;1004.45;0.006333;3.79;0.002111
2017-02-12;11.4;999.18;0.006269;3.76;0.00209
2017-02-13;11.27;990.64;0.006251;3.72;0.002067
2017-02-14;13.03;1004.55;0.006278;3.77;0.00209
2017-02-15;12.92;1007.48;0.006147;3.81;0.002224
2017-02-16;12.9;1027.44;0.006027;3.79;0.002139
2017-02-17;12.68;1046.21;0.005935;3.83;0.002093
2017-02-18;12.81;1054.42;0.005569;3.79;0.002021
2017-02-19;12.76;1047.87;0.005878;3.76;0.002014
2017-02-20;12.43;1079.98;0.005873;3.77;0.002052
2017-02-21;12.67;1115.3;0.005832;3.78;0.001997
2017-02-22;12.6;1117.44;0.00586;3.81;0.002008
2017-02-23;13.12;1166.72;0.005895;3.84;0.001927
2017-02-24;13.07;1173.68;0.005701;3.85;0.001885
2017-02-25;13.55;1143.84;0.005665;3.83;0.001881
2017-02-26;14.52;1165.2;0.005671;3.83;0.001875
2017-02-27;15.4;1179.97;0.005609;3.8;0.001774
2017-02-28;15.82;1179.97;0.005536;3.77;0.001843
2017-03-01;17.35;1222.5;0.005408;3.8;0.001724
2017-03-02;19.03;1251.01;0.005991;3.92;0.001787
2017-03-03;19.46;1274.99;0.006339;3.92;0.001763
2017-03-04;18.62;1255.15;0.006299;3.88;0.001753
2017-03-05;19.3;1267.12;0.006129;3.9;0.001738
2017-03-06;19.61;1272.83;0.006057;3.92;0.001876
2017-03-07;18.89;1223.54;0.006534;3.82;0.002011
2017-03-08;16.65;1150;0.006509;3.78;0.001835
2017-03-09;17.75;1188.49;0.006498;3.84;0.00179
2017-03-10;19.33;1116.72;0.006227;3.75;0.001733
2017-03-11;21.47;1175.83;0.006238;3.8;0.001788
2017-03-12;23.44;1221.38;0.006255;3.84;0.001847
2017-03-13;28.59;1231.92;0.006385;4.17;0.001965
2017-03-14;28.65;1240;0.006381;4.06;0.001918
2017-03-15;35.06;1249.61;0.006314;4.16;0.001953
2017-03-16;46.35;1187.81;0.006394;4.24;0.00197
2017-03-17;46.83;1100.23;0.006116;4.06;0.001957
2017-03-18;34.16;973.82;0.00671;3.97;0.001877
2017-03-19;44.74;1036.74;0.006912;3.96;0.001916
2017-03-20;43.39;1054.23;0.006975;4.03;0.001995
2017-03-21;43.15;1120.54;0.006909;4.01;0.002187
2017-03-22;42.34;1049.14;0.007301;3.94;0.001983
2017-03-23;43.68;1038.59;0.010582;3.98;0.002251
2017-03-24;53.11;937.52;0.010518;4.08;0.002108
2017-03-25;51.25;972.78;0.009116;4.07;0.002016
2017-03-26;50.52;966.72;0.009545;4.06;0.002018
2017-03-27;49.67;1045.77;0.009597;4.08;0.001892
2017-03-28;50.77;1047.15;0.009514;4.16;0.002043
2017-03-29;53.13;1039.97;0.010101;4.19;0.001973
2017-03-30;52.21;1026.43;0.013276;6.98;0.002302
2017-03-31;50.04;1071.79;0.020889;6.67;0.002356
2017-04-01;50.7;1080.5;0.021892;6.88;0.002631
2017-04-02;48.75;1102.17;0.061159;7.74;0.004183
2017-04-03;44.36;1143.81;0.033023;8.07;0.003124
2017-04-04;44.64;1133.25;0.037455;8.29;0.003046
2017-04-05;45.3;1124.78;0.035544;11.09;0.003131
2017-04-06;43.24;1182.68;0.032665;10.25;0.002824
2017-04-07;42.16;1176.9;0.03632;9.37;0.002767
2017-04-08;44.31;1175.95;0.035849;9.92;0.00292
2017-04-09;43.27;1187.87;0.03402;8.71;0.002745
2017-04-10;43.44;1187.13;0.033598;8.92;0.002788
2017-04-11;43.41;1205.01;0.032952;8.85;0.002782
2017-04-12;46.29;1200.37;0.034336;10.79;0.003036
2017-04-13;50.22;1169.28;0.034383;10.15;0.00306
2017-04-14;47.57;1167.54;0.033779;10.39;0.003128
2017-04-15;49.1;1172.52;0.033955;10.79;0.003385
2017-04-16;48.72;1182.94;0.033462;10.71;0.003737
2017-04-17;48.3;1193.91;0.033655;10.42;0.003555
2017-04-18;50.71;1211.67;0.033184;10.32;0.003706
2017-04-19;48.31;1210.29;0.030173;9.66;0.003574
2017-04-20;49.67;1229.08;0.029984;10.33;0.003368
2017-04-21;48.22;1222.05;0.032779;11.23;0.003466
2017-04-22;48.55;1231.71;0.03177;13.06;0.003506
2017-04-23;48.49;1207.21;0.031278;13.94;0.003506
2017-04-24;50.03;1250.15;0.031384;14.97;0.00384
2017-04-25;49.89;1265.49;0.032346;15.21;0.003808
2017-04-26;52.72;1281.08;0.032797;14.85;0.003835
2017-04-27;62.17;1317.73;0.034816;14.62;0.00397
2017-04-28;70.16;1316.48;0.044475;14.34;0.004551
2017-04-29;68.38;1321.79;0.052868;15.74;0.004971
2017-04-30;79.02;1347.89;0.051607;15.71;0.00484
2017-05-01;76.3;1421.6;0.055115;15.92;0.005138
2017-05-02;77.26;1452.82;0.053908;15.9;0.004834
2017-05-03;79.72;1490.09;0.06049;21.04;0.005197
2017-05-04;96.98;1537.67;0.078914;23.39;0.006628
2017-05-05;94.4;1555.45;0.093551;26.27;0.010877
2017-05-06;97.81;1578.8;0.101791;28.16;0.021343
2017-05-07;94.01;1596.71;0.141763;30.29;0.043984
2017-05-08;91.42;1723.35;0.198212;28.96;0.03988
2017-05-09;91.16;1755.36;0.160074;33.58;0.027647
2017-05-10;89.52;1787.13;0.186066;31.96;0.031376
2017-05-11;89.88;1848.57;0.183135;30.72;0.036203
2017-05-12;88.66;1724.24;0.206068;27.45;0.040706
2017-05-13;90.84;1804.91;0.214878;28.91;0.037586
2017-05-14;90.79;1808.91;0.220223;28.89;0.038648
2017-05-15;92.41;1738.43;0.27072;25.37;0.043552
2017-05-16;89.44;1734.45;0.349861;23.33;0.049368
2017-05-17;89.86;1839.09;0.394132;25.4;0.048568
2017-05-18;96.91;1888.65;0.364869;28.36;0.04627
2017-05-19;129.53;1987.71;0.327801;27.7;0.049576
2017-05-20;126.52;2084.73;0.351634;27.51;0.053888
2017-05-21;157.94;2041.2;0.336201;26.3;0.060843
2017-05-22;174.26;2173.4;0.317954;25.38;0.051003
2017-05-23;181.95;2320.42;0.323368;32.11;0.0555
2017-05-24;190.05;2443.64;0.29589;34.45;0.051364
2017-05-25;174.45;2304.98;0.246065;29.9;0.040021
2017-05-26;160.4;2202.42;0.271808;23.75;0.041065
2017-05-27;157.76;2038.87;0.212549;23.74;0.033024
2017-05-28;170.51;2155.8;0.229554;24.22;0.035364
2017-05-29;194.91;2255.61;0.23207;25.21;0.037044
2017-05-30;231.91;2175.47;0.205324;24.14;0.031009
2017-05-31;230.67;2286.41;0.24659;25.3;0.034273
2017-06-01;222.24;2407.88;0.333657;28.8;0.043069
2017-06-02;223.77;2488.55;0.303448;28.94;0.040226
2017-06-03;224.38;2515.35;0.29458;27.66;0.039294
2017-06-04;245.33;2511.81;0.299413;27.94;0.039989
2017-06-05;248.46;2686.81;0.294003;30.84;0.041507
2017-06-06;264.47;2863.2;0.284548;30.55;0.045407
2017-06-07;258.07;2732.16;0.279783;28.39;0.047098
2017-06-08;261.67;2805.62;0.289678;30.21;0.05042
2017-06-09;281.74;2823.81;0.286019;29.68;0.047356
2017-06-10;337.67;2947.71;0.260874;30.44;0.042866
2017-06-11;340.61;2958.11;0.272759;33.22;0.045915
2017-06-12;401.49;2659.63;0.253964;29.5;0.039988
2017-06-13;397.54;2717.02;0.266153;30.64;0.04186
2017-06-14;359.05;2506.37;0.278447;30.22;0.039828
2017-06-15;361.93;2464.58;0.259266;30.22;0.037439
2017-06-16;370.23;2518.56;0.262068;35.7;0.037536
2017-06-17;379.41;2655.88;0.268351;47.65;0.039251
2017-06-18;371.46;2548.29;0.2846;46.04;0.038332
2017-06-19;370.06;2589.6;0.296068;50.32;0.040252
2017-06-20;359.01;2721.79;0.324427;47.22;0.039366
2017-06-21;336.87;2689.1;0.296366;47.79;0.038124
2017-06-22;336.37;2705.41;0.297848;47.71;0.03872
2017-06-23;341.74;2744.91;0.319978;47.34;0.041397
2017-06-24;323.7;2608.72;0.31111;44.49;0.03821
2017-06-25;303.25;2589.41;0.298423;43.92;0.033373
2017-06-26;272.69;2478.45;0.277288;41.13;0.030218
2017-06-27;293.09;2552.45;0.276306;40.54;0.029113
2017-06-28;327.93;2574.79;0.280455;42.85;0.031998
2017-06-29;302.88;2539.32;0.265421;41.07;0.029039
2017-06-30;294.92;2480.84;0.26293;40.35;0.026988
2017-07-01;274.6;2434.55;0.254744;38.99;0.024466
2017-07-02;287.99;2506.47;0.259449;41.57;0.025706
2017-07-03;282.9;2564.06;0.259959;46.43;0.026266
2017-07-04;273.3;2601.64;0.254709;55.33;0.02575
2017-07-05;268.77;2601.99;0.256523;53.19;0.025441
2017-07-06;270.55;2608.56;0.254641;51.13;0.025418
2017-07-07;245.99;2518.66;0.23948;46.58;0.020415
2017-07-08;251.7;2571.34;0.236134;52.14;0.021597
2017-07-09;242.14;2518.44;0.233416;49.58;0.019499
2017-07-10;215.36;2372.56;0.203165;46.58;0.015137
2017-07-11;197.4;2337.79;0.185019;45.33;0.014518
2017-07-12;230.77;2398.84;0.205354;48.75;0.017907
2017-07-13;209.73;2357.9;0.200809;46.33;0.017351
2017-07-14;199.66;2233.34;0.190769;42.8;0.016321
2017-07-15;170.65;1998.86;0.170589;38.92;0.017618
2017-07-16;157.36;1929.82;0.148056;40.91;0.015654
2017-07-17;193.42;2228.41;0.177889;42.67;0.018614
2017-07-18;234.39;2318.88;0.188718;44.3;0.018666
2017-07-19;199.7;2273.43;0.168388;40.86;0.017256
2017-07-20;227.26;2817.6;0.188295;45.02;0.018859
2017-07-21;218.3;2667.76;0.182608;45.76;0.019201
2017-07-22;229.48;2810.12;0.19332;46.56;0.022877
2017-07-23;225.95;2730.4;0.195058;44.06;0.021769
2017-07-24;224.71;2754.86;0.192002;44.41;0.022605
2017-07-25;206.71;2576.48;0.178104;42.24;0.018551
2017-07-26;203.95;2529.45;0.173822;42.23;0.018878
2017-07-27;204.32;2671.78;0.173457;42.14;0.018322
2017-07-28;193.12;2809.01;0.165937;40.61;0.016961
2017-07-29;205.79;2726.45;0.169871;41.12;0.017447
2017-07-30;197.98;2757.18;0.165082;40.42;0.015984
2017-07-31;203.87;2875.34;0.167386;43.02;0.016095
2017-08-01;226.77;2718.26;0.177053;43.04;0.017933
2017-08-02;219.95;2710.67;0.173113;42.13;0.018413
2017-08-03;225.34;2804.73;0.174612;42.86;0.01886
2017-08-04;223.07;2895.89;0.173743;43.45;0.022241
2017-08-05;256.51;3252.91;0.184737;46.86;0.023984
2017-08-06;261.57;3213.94;0.180444;45.1;0.022701
2017-08-07;269.18;3378.94;0.179021;45.8;0.022195
2017-08-08;296.77;3419.94;0.192586;48.63;0.023737
2017-08-09;296.03;3342.47;0.182947;48.01;0.022996
2017-08-10;295.89;3381.28;0.180399;46.5;0.022007
2017-08-11;308.86;3650.62;0.179307;47.1;0.02148
2017-08-12;310.6;3884.71;0.173853;46.43;0.020218
2017-08-13;298.06;4073.26;0.168092;45.81;0.01825
2017-08-14;300.1;4325.13;0.169991;45.8;0.017622
2017-08-15;289.82;4181.93;0.161221;43.31;0.017433
2017-08-16;302.27;4376.63;0.160431;44.15;0.017702
2017-08-17;301.46;4331.69;0.157498;43.91;0.017327
2017-08-18;295.59;4160.62;0.158883;47.28;0.016842
2017-08-19;297.47;4193.7;0.155057;45.48;0.016513
2017-08-20;301.43;4087.66;0.158735;46.23;0.017631
2017-08-21;321.59;4001.74;0.191918;47.94;0.019753
2017-08-22;314.79;4100.52;0.239286;46.73;0.021624
2017-08-23;317.52;4151.52;0.246827;53.25;0.020222
2017-08-24;325.61;4334.68;0.218958;50.19;0.019024
2017-08-25;331.92;4371.6;0.217828;51.18;0.020497
2017-08-26;333.88;4352.4;0.212577;51.75;0.021208
2017-08-27;347.89;4382.88;0.202995;61.16;0.019785
2017-08-28;347.75;4382.66;0.224508;62.36;0.020525
2017-08-29;370.67;4579.02;0.218564;63.17;0.020104
2017-08-30;378.48;4565.3;0.228006;64.17;0.021224
2017-08-31;383.04;4703.39;0.25563;71.06;0.022405
2017-09-01;387.74;4892.01;0.248479;86.04;0.023954
2017-09-02;348.98;4578.77;0.226669;79.02;0.020837
2017-09-03;347.48;4582.96;0.228811;76.84;0.021296
2017-09-04;295.17;4236.31;0.204968;65.21;0.017625
2017-09-05;312.99;4376.53;0.215189;71.29;0.018567
2017-09-06;334.34;4597.12;0.226186;80.11;0.020346
2017-09-07;329.43;4599.88;0.22364;78.48;0.020096
2017-09-08;296.5;4228.75;0.211518;67.79;0.017447
2017-09-09;294.4;4226.06;0.209995;66.01;0.017095
2017-09-10;288.75;4122.94;0.213031;61.61;0.016269
2017-09-11;294.53;4161.27;0.214441;66.04;0.016993
2017-09-12;291.46;4130.81;0.209303;64.23;0.016324
2017-09-13;277.11;3882.59;0.200778;61.73;0.015328
2017-09-14;213.91;3154.95;0.164167;41.58;0.011038
2017-09-15;250.46;3637.52;0.181358;48.21;0.012097
2017-09-16;246.52;3625.04;0.179082;48.26;0.011699
2017-09-17;251.75;3582.88;0.178393;48.49;0.011211
2017-09-18;293.5;4065.2;0.189768;55.53;0.013455
2017-09-19;282.8;3924.97;0.184041;52.84;0.011795
2017-09-20;283.74;3905.95;0.182078;51.73;0.012236
2017-09-21;258.58;3631.04;0.171754;46.61;0.0106
2017-09-22;264.31;3630.7;0.17351;48.09;0.010776
2017-09-23;286.17;3792.4;0.177882;49.27;0.011896
2017-09-24;282.48;3682.84;0.175787;47.62;0.011563
2017-09-25;292.33;3926.07;0.181487;51.58;0.012073
2017-09-26;287.44;3892.35;0.186119;51.55;0.012388
2017-09-27;306.47;4200.67;0.203299;56.28;0.014378
2017-09-28;299.15;4174.73;0.196131;54.09;0.013863
2017-09-29;291.47;4163.07;0.193606;52.62;0.013204
2017-09-30;301.46;4338.71;0.197529;55.14;0.013858
2017-10-01;302.34;4403.74;0.206532;54.54;0.013688
2017-10-02;297.48;4409.32;0.202676;53.38;0.012962
2017-10-03;292.46;4317.48;0.203318;52.35;0.012404
2017-10-04;292.66;4229.36;0.214774;51.4;0.011851
2017-10-05;295.86;4328.41;0.237016;51.67;0.014576
2017-10-06;308.59;4370.81;0.234039;52.12;0.018403
2017-10-07;311.12;4426.89;0.23861;52.58;0.020959
2017-10-08;308.61;4610.48;0.279944;53.14;0.018598
2017-10-09;297.39;4772.02;0.251825;50.16;0.017601
2017-10-10;299.87;4781.99;0.260733;50.72;0.018953
2017-10-11;303.46;4826.48;0.264439;50.89;0.01945
2017-10-12;304.14;5446.91;0.248414;60.11;0.017784
2017-10-13;338.76;5647.21;0.260489;59.43;0.01796
2017-10-14;339.63;5831.79;0.25732;63.95;0.017522
2017-10-15;336.6;5678.19;0.263983;65.47;0.018925
2017-10-16;333.38;5725.59;0.256232;64.62;0.036865
2017-10-17;317.08;5605.51;0.232064;59.48;0.045842
2017-10-18;314.32;5590.69;0.21852;60.73;0.035133
2017-10-19;308.09;5708.52;0.21515;59.74;0.031195
2017-10-20;304.01;6011.45;0.210549;60.33;0.026757
2017-10-21;300.19;6031.6;0.211016;58.2;0.036429
2017-10-22;295.45;6008.42;0.204177;56.81;0.031269
2017-10-23;286.95;5930.32;0.196928;54.92;0.033832
2017-10-24;298.33;5526.64;0.206644;55.96;0.036649
2017-10-25;297.92;5750.8;0.204604;56.49;0.035004
2017-10-26;296.53;5904.83;0.203628;55.74;0.034546
2017-10-27;297.42;5780.9;0.202785;55.33;0.034236
2017-10-28;296.3;5753.09;0.201835;54.69;0.031038
2017-10-29;305.09;6153.85;0.202785;57.11;0.030331
2017-10-30;307.75;6130.53;0.202711;56.39;0.031804
2017-10-31;305.88;6468.4;0.200558;55.75;0.029182
2017-11-01;291.69;6767.31;0.194124;53.18;0.027353
2017-11-02;287.43;7078.5;0.205861;54.74;0.027607
2017-11-03;305.71;7207.76;0.208133;56.18;0.027779
2017-11-04;300.47;7379.95;0.20375;55.04;0.027294
2017-11-05;296.26;7407.41;0.202055;54.75;0.026765
2017-11-06;298.89;7022.76;0.20599;55.17;0.02888
2017-11-07;294.66;7144.38;0.210354;61.3;0.030699
2017-11-08;309.07;7459.69;0.217437;62.57;0.033763
2017-11-09;320.88;7143.58;0.217488;64.27;0.039946
2017-11-10;299.25;6618.14;0.206483;59.26;0.033073
2017-11-11;314.68;6357.6;0.21043;62.3;0.033053
2017-11-12;307.91;5950.07;0.197339;59.01;0.028182
2017-11-13;316.72;6559.49;0.203442;61.4;0.030656
2017-11-14;337.63;6635.75;0.209825;62.68;0.036374
2017-11-15;333.36;7315.54;0.212956;63.82;0.037053
2017-11-16;330.92;7871.69;0.227107;71.06;0.037234
2017-11-17;332.39;7708.99;0.226581;67.57;0.035572
2017-11-18;347.61;7790.15;0.228627;69.64;0.036583
2017-11-19;354.39;8036.49;0.231016;71.59;0.036566
2017-11-20;366.73;8200.64;0.238759;72.25;0.038121
2017-11-21;360.4;8071.26;0.233271;70.03;0.037668
2017-11-22;380.65;8253.55;0.238859;71.89;0.042299
2017-11-23;410.17;8038.77;0.242402;73.22;0.040535
2017-11-24;474.91;8253.69;0.244642;77.97;0.040193
2017-11-25;466.28;8790.92;0.252393;88.82;0.043639
2017-11-26;471.33;9330.55;0.248818;85.93;0.048896
2017-11-27;480.36;9818.35;0.253927;91.6;0.059843
2017-11-28;472.9;10058.8;0.299152;96.03;0.081415
2017-11-29;427.52;9888.61;0.243064;85.57;0.064424
2017-11-30;447.11;10233.6;0.250878;88.33;0.072871
2017-12-01;466.54;10975.6;0.255699;99;0.089883
2017-12-02;463.45;11074.6;0.255492;100.28;0.093816
2017-12-03;465.85;11323.2;0.252558;101.26;0.089035
2017-12-04;470.2;11657.2;0.253571;104.24;0.09761
2017-12-05;463.28;11916.7;0.246101;102.4;0.123523
2017-12-06;428.59;14291.5;0.232544;100.35;0.151622
2017-12-07;434.41;17899.7;0.222823;98.29;0.133046
2017-12-08;456.03;16569.4;0.252125;124.85;0.13726
2017-12-09;473.5;15178.2;0.244708;155.24;0.135122
2017-12-10;441.72;15455.4;0.237333;148.66;0.119263
2017-12-11;515.14;16936.8;0.251691;214.2;0.144956
2017-12-12;651.43;17415.4;0.373541;316.16;0.156444
2017-12-13;702.77;16408.2;0.471063;302.6;0.149342
2017-12-14;695.82;16564;0.864263;279.33;0.188907
2017-12-15;684.45;17706.9;0.756181;299.78;0.195862
2017-12-16;696.21;19497.4;0.758642;298.97;0.232125
2017-12-17;719.97;19140.8;0.728366;318.72;0.266621
2017-12-18;794.65;19114.2;0.778407;358.34;0.276283
2017-12-19;826.82;17776.7;0.791257;350.25;0.26431
2017-12-20;819.09;16624.6;0.775964;314.62;0.252386
2017-12-21;821.06;15802.9;1.19;317.46;0.2572
2017-12-22;674.86;13831.8;1.14;264.93;0.216717
2017-12-23;719.39;14699.2;1.17;288.27;0.234179
2017-12-24;694.15;13925.8;1.04;275.98;0.22445
2017-12-25;765.83;14026.6;1.12;273.39;0.228511
2017-12-26;773.84;16099.8;1.19;286.5;0.226018
2017-12-27;762.84;15838.5;1.4;272.17;0.229224
2017-12-28;737.02;14606.5;1.43;249.93;0.223544
2017-12-29;753.59;14656.2;2.21;245.5;0.322941
2017-12-30;717.26;12952.2;2.16;218.96;0.323202
2017-12-31;756.73;14156.4;2.3;232.1;0.360756
2018-01-01;772.64;13657.2;2.39;229.03;0.480008
2018-01-02;884.44;14982.1;2.48;255.68;0.564766
2018-01-03;962.72;15201;3.11;245.37;0.896227
2018-01-04;980.92;15599.2;3.2;241.37;0.72405
2018-01-05;997.72;17429.5;3.05;249.27;0.662712
2018-01-06;1041.68;17527;3.09;296.45;0.709945
2018-01-07;1153.17;16477.6;3.38;288.45;0.699645
2018-01-08;1148.53;15170.1;2.46;255.76;0.629323
2018-01-09;1299.74;14595.4;2.1;247.04;0.585653
2018-01-10;1255.82;14973.3;1.97;250.52;0.56693
2018-01-11;1154.93;13405.8;1.95;229.37;0.558126
2018-01-12;1273.2;13980.6;2.04;236.86;0.67796
2018-01-13;1396.42;14360.2;2.02;259.19;0.671564
2018-01-14;1366.77;13772;1.86;238.68;0.630856
2018-01-15;1291.92;13819.8;1.68;232.77;0.599271
2018-01-16;1053.69;11490.5;1.18;188.33;0.441197
2018-01-17;1014.25;11188.6;1.31;186.52;0.477187
2018-01-18;1036.28;11474.9;1.6;192.84;0.509523
2018-01-19;1039.1;11607.4;1.55;192.96;0.506232
2018-01-20;1155.15;12899.2;1.58;211.02;0.534677
2018-01-21;1049.58;11600.1;1.38;190.42;0.464117
2018-01-22;1003.26;10931.4;1.36;180.01;0.486338
2018-01-23;986.23;10868.4;1.34;177.81;0.486185
2018-01-24;1058.78;11359.4;1.36;179.99;0.567014
2018-01-25;1056.03;11259.4;1.31;180.27;0.608253
2018-01-26;1055.17;11171.4;1.22;176.73;0.633916
2018-01-27;1107.07;11440.7;1.22;180.89;0.613061
2018-01-28;1246.01;11786.3;1.4;193.87;0.634421
2018-01-29;1182.36;11296.4;1.32;181.66;0.589283
2018-01-30;1071.13;10106.3;1.14;165.28;0.489648
2018-01-31;1118.31;10221.1;1.16;163.35;0.539797
2018-02-01;1036.79;9170.54;0.96253;142.3;0.456455
2018-02-02;915.78;8830.75;0.884784;131.38;0.405075
2018-02-03;964.02;9174.91;0.924043;160.25;0.430056
2018-02-04;834.68;8277.01;0.815703;148.02;0.377231
2018-02-05;697.95;6955.27;0.691799;125.33;0.331192
2018-02-06;793.12;7754;0.776393;142.99;0.370811
2018-02-07;757.07;7621.3;0.723895;138.2;0.342125
2018-02-08;817.81;8265.59;0.805263;149.47;0.363565
2018-02-09;883.86;8736.98;0.954428;163.95;0.401068
2018-02-10;860.41;8621.9;1.07;155.59;0.406856
2018-02-11;814.66;8129.97;1;148.99;0.370005
2018-02-12;868.71;8926.57;1.08;161.57;0.395649
2018-02-13;845.26;8598.31;1.03;159.55;0.410614
2018-02-14;923.56;9494.63;1.14;213.36;0.453888
2018-02-15;936.98;10166.4;1.15;225.43;0.453556
2018-02-16;944.21;10233.9;1.14;230.12;0.455446
2018-02-17;974.11;11112.7;1.2;229.46;0.479075
2018-02-18;923.92;10551.8;1.12;215.74;0.450399
2018-02-19;943.86;11225.3;1.14;223.06;0.452932
2018-02-20;895.37;11403.7;1.09;232.85;0.402289
2018-02-21;849.97;10690.4;1.02;213.35;0.396765
2018-02-22;812.84;10005;0.941788;195.31;0.366447
2018-02-23;864.19;10301.1;0.998855;209.31;0.381985
2018-02-24;840.52;9813.07;0.954402;209.42;0.355163
2018-02-25;844.81;9664.73;0.943487;220.48;0.357302
2018-02-26;869.32;10366.7;0.956859;220.96;0.364579
2018-02-27;878.27;10725.6;0.947305;216.6;0.362051
2018-02-28;855.2;10397.9;0.904583;202.9;0.333916
2018-03-01;872.2;10951;0.928347;209.75;0.339314
2018-03-02;856.85;11086.4;0.910144;212.56;0.320107
2018-03-03;857.22;11489.7;0.907804;210.64;0.350168
2018-03-04;866.68;11512.6;1.01;213.8;0.36193
2018-03-05;853.68;11573.3;0.959368;211.18;0.352031
2018-03-06;816.95;10779.9;0.922887;196.6;0.337911
2018-03-07;752.83;9965.57;0.87121;185.84;0.329103
2018-03-08;704.6;9395.01;0.825857;176.51;0.311938
2018-03-09;728.92;9337.55;0.849761;187.17;0.311859
2018-03-10;686.89;8866;0.796627;177.73;0.292661
2018-03-11;723.34;9578.63;0.831122;188.95;0.304217
2018-03-12;699.83;9205.12;0.801048;178.23;0.291765
2018-03-13;690.83;9194.85;0.789711;175.78;0.290193
2018-03-14;614.29;8269.81;0.701902;161.1;0.248689
2018-03-15;611.3;8300.86;0.697269;164.48;0.240655
2018-03-16;601.67;8338.35;0.68926;165.45;0.229991
2018-03-17;552.78;7916.88;0.637856;152.97;0.206731
2018-03-18;538.64;8223.68;0.658777;154.07;0.220473
2018-03-19;556.73;8630.65;0.74908;161.14;0.250226
2018-03-20;557.17;8913.47;0.709808;168.82;0.267968
2018-03-21;561.73;8929.28;0.693664;169.05;0.254636
2018-03-22;539.7;8728.47;0.662743;163.67;0.243212
2018-03-23;539.62;8879.62;0.643174;167.83;0.236147
2018-03-24;526.44;8668.12;0.641265;159.63;0.235422
2018-03-25;524.29;8495.78;0.641875;160.08;0.239952
2018-03-26;489.95;8209.4;0.599463;149.22;0.228861
2018-03-27;450.12;7833.04;0.577917;135.78;0.216033
2018-03-28;446.28;7954.48;0.578002;131.75;0.219251
2018-03-29;385.97;7165.7;0.511511;114.68;0.190819
2018-03-30;394.64;6890.52;0.509565;118.6;0.188733
2018-03-31;396.46;6973.53;0.512353;116.61;0.206778
2018-04-01;379.61;6844.23;0.485081;115.22;0.206582
2018-04-02;386.42;7083.8;0.500688;119.31;0.224878
2018-04-03;416.89;7456.11;0.558044;134.47;0.235691
2018-04-04;380.54;6853.84;0.501631;118.41;0.204108
2018-04-05;383.23;6811.47;0.495801;119.13;0.19794
2018-04-06;370.29;6636.32;0.476431;113.15;0.193317
2018-04-07;385.31;6911.09;0.487867;116.26;0.201859
2018-04-08;400.51;7023.52;0.500398;117.67;0.206377
2018-04-09;398.53;6770.73;0.491855;114.99;0.197333
2018-04-10;414.24;6834.76;0.491931;114.26;0.199344
2018-04-11;430.54;6968.32;0.539506;118.29;0.212337
2018-04-12;492.94;7889.25;0.628737;129.34;0.24212
2018-04-13;492.73;7895.96;0.638087;125.35;0.24629
2018-04-14;501.48;7986.24;0.632184;126.29;0.250668
2018-04-15;531.7;8329.11;0.682534;132.04;0.290722
2018-04-16;511.15;8058.67;0.663297;128.34;0.284156
2018-04-17;502.89;7902.09;0.656933;132.93;0.300202
2018-04-18;524.79;8163.42;0.708932;140;0.351544
2018-04-19;567.89;8294.31;0.791976;146.3;0.36612
2018-04-20;615.72;8845.83;0.924465;155.54;0.391165
2018-04-21;605.4;8895.58;0.873103;148.93;0.375663
2018-04-22;621.86;8802.46;0.869995;146.77;0.368139
2018-04-23;642.55;8930.88;0.876657;152.25;0.372128
2018-04-24;708.16;9697.5;0.934781;165.78;0.40067
2018-04-25;615.42;8845.74;0.800607;144.76;0.339517
2018-04-26;662.81;9281.51;0.852414;153.68;0.387556
2018-04-27;647.03;8987.05;0.813885;145.9;0.391085
2018-04-28;683.68;9348.48;0.863804;152.3;0.428918
2018-04-29;688.88;9419.08;0.872778;153.63;0.458405
2018-04-30;669.92;9240.55;0.837938;148.48;0.424659
2018-05-01;673.61;9119.01;0.841407;148.49;0.439733
2018-05-02;687.15;9235.92;0.859094;151.58;0.439227
2018-05-03;779.54;9743.86;0.884466;161.46;0.437379
2018-05-04;785.62;9700.76;0.895442;168.79;0.43114
2018-05-05;816.12;9858.15;0.905103;177.76;0.430875
2018-05-06;792.31;9654.8;0.871424;171.8;0.412944
2018-05-07;753.72;9373.01;0.832641;164.88;0.395702
2018-05-08;752.86;9234.82;0.81397;159.62;0.386371
2018-05-09;752.28;9325.18;0.802043;157.05;0.37797
2018-05-10;727.28;9043.94;0.758237;149.87;0.353962
2018-05-11;679.59;8441.49;0.684948;137.12;0.314252
2018-05-12;686.05;8504.89;0.696735;141.88;0.359937
2018-05-13;733.5;8723.94;0.745748;144.59;0.375852
2018-05-14;730.55;8716.79;0.740898;147.71;0.36968
2018-05-15;708.87;8510.38;0.698588;139.88;0.348445
2018-05-16;707.05;8368.83;0.714081;139.27;0.334677
2018-05-17;672.66;8094.32;0.66731;132.77;0.313497
2018-05-18;694.37;8250.97;0.680294;136.06;0.319488
2018-05-19;696.53;8247.18;0.676713;135.32;0.317234
2018-05-20;715.37;8513.25;0.700244;139.7;0.33281
2018-05-21;699.22;8418.99;0.681587;134.51;0.318115
2018-05-22;647.74;8041.78;0.645567;128.68;0.301084
2018-05-23;583.59;7557.82;0.599594;119.31;0.280355
2018-05-24;601.76;7587.34;0.631997;122.61;0.291338
2018-05-25;586.73;7480.14;0.611001;119.44;0.288069
2018-05-26;587.28;7355.88;0.612708;118.28;0.284695
2018-05-27;572.67;7368.22;0.607881;117.99;0.276376
2018-05-28;516.04;7135.99;0.552299;111.6;0.253582
2018-05-29;565.39;7472.59;0.601241;119.57;0.282845
2018-05-30;559.59;7406.52;0.605817;117.53;0.277747
2018-05-31;577.65;7494.17;0.612622;118.07;0.296652
2018-06-01;580.04;7541.45;0.623364;119.92;0.290022
2018-06-02;591.81;7643.45;0.643451;123.31;0.298413
2018-06-03;618.33;7720.25;0.671205;125.5;0.302912
2018-06-04;592.98;7514.47;0.661425;119.9;0.292158
2018-06-05;609.3;7633.76;0.677015;121.7;0.294313
2018-06-06;607.12;7653.98;0.674797;121.18;0.298269
2018-06-07;605.19;7678.24;0.678128;121.43;0.294206
2018-06-08;601.08;7624.92;0.674343;120.08;0.287963
2018-06-09;597.56;7531.98;0.659755;117.74;0.281894
2018-06-10;526.48;6786.02;0.588126;107.04;0.247658
2018-06-11;533.28;6906.92;0.604066;107.52;0.256482
2018-06-12;496.84;6582.36;0.562933;100.75;0.231689
2018-06-13;477.49;6349.9;0.534663;94.08;0.221691
2018-06-14;519.74;6675.35;0.561306;101.15;0.242426
2018-06-15;491;6456.58;0.537707;96.68;0.234242
2018-06-16;499.64;6550.16;0.534784;97.58;0.234041
2018-06-17;500.45;6499.27;0.528216;96.1;0.232105
2018-06-18;518.89;6734.82;0.537495;98.82;0.234371
2018-06-19;537.96;6769.94;0.549621;98.84;0.235309
2018-06-20;536.27;6776.55;0.539286;97.99;0.232188
2018-06-21;527.37;6729.74;0.534775;96.93;0.227997
2018-06-22;465.82;6083.69;0.486947;85.08;0.203407
2018-06-23;474.52;6162.48;0.491284;82.6;0.203515
2018-06-24;457.67;6173.23;0.47738;80.78;0.193633
2018-06-25;460.31;6249.18;0.481753;81.83;0.197753
2018-06-26;432.77;6093.67;0.456001;76.87;0.186484
2018-06-27;442.36;6157.13;0.47037;80.66;0.189633
2018-06-28;422.36;5903.44;0.448458;74.93;0.178951
2018-06-29;436.01;6218.3;0.45308;78.77;0.18671
2018-06-30;455.18;6404;0.466245;81.37;0.193425
2018-07-01;453.92;6385.82;0.461358;80.24;0.198573
2018-07-02;475.35;6614.18;0.486122;85.26;0.213151
2018-07-03;464.2;6529.59;0.485223;85.1;0.206315
2018-07-04;467.32;6597.55;0.490043;85.49;0.209735
2018-07-05;474.41;6639.14;0.481625;83.76;0.202978
2018-07-06;474.01;6673.5;0.479151;83.38;0.206381
2018-07-07;491.66;6856.93;0.492477;86.2;0.20845
2018-07-08;489.12;6773.88;0.477749;82.4;0.209783
2018-07-09;476.68;6741.75;0.47427;80.86;0.207929
2018-07-10;434.42;6329.95;0.445042;76.08;0.191889
2018-07-11;446.52;6394.71;0.450233;78.7;0.189504
2018-07-12;430.07;6228.81;0.435364;76.81;0.185719
2018-07-13;434.03;6238.05;0.438741;76.94;0.204272
2018-07-14;436.09;6276.12;0.439271;76.72;0.207877
2018-07-15;449.85;6359.64;0.445894;78.94;0.219871
2018-07-16;480.66;6741.75;0.483401;84.6;0.237928
2018-07-17;501;7321.04;0.505587;89.81;0.252967
2018-07-18;480.51;7370.78;0.486389;86.96;0.2984
2018-07-19;469.62;7466.86;0.476433;86.67;0.302513
2018-07-20;450.7;7354.13;0.446994;82.75;0.271492
2018-07-21;462.44;7419.29;0.45541;84.46;0.292259
2018-07-22;459.66;7418.49;0.449311;83.16;0.283534
2018-07-23;450.85;7711.11;0.445276;82.43;0.284384
2018-07-24;479.37;8424.27;0.457623;89.29;0.301456
2018-07-25;472.49;8181.39;0.459829;86.28;0.331706
2018-07-26;464.04;7951.58;0.44992;84.03;0.309552
2018-07-27;469.67;8165.01;0.453635;84.46;0.316882
2018-07-28;466.9;8192.15;0.453667;83.62;0.315229
2018-07-29;466.67;8218.46;0.453306;84.08;0.308399
2018-07-30;457.08;8180.48;0.446107;82.85;0.295923
2018-07-31;433.87;7780.44;0.435225;79.7;0.278009
2018-08-01;420.75;7624.91;0.445852;77.86;0.276268
2018-08-02;412.62;7567.15;0.430254;76.14;0.261192
2018-08-03;418.26;7434.39;0.440571;77.54;0.258956
2018-08-04;407.25;7032.85;0.428507;73.2;0.240724
2018-08-05;410.52;7068.48;0.433638;74.59;0.244218
2018-08-06;406.66;6951.8;0.414081;73.89;0.234705
2018-08-07;380.22;6753.12;0.381006;68.17;0.230672
2018-08-08;356.61;6305.8;0.331944;62.49;0.201351
2018-08-09;365.59;6568.23;0.346771;63.98;0.221435
2018-08-10;334.18;6184.71;0.320426;59.39;0.22543
2018-08-11;322.11;6295.73;0.301262;58.36;0.217665
2018-08-12;319.57;6322.69;0.29787;59.33;0.223601
2018-08-13;286.5;6297.57;0.277466;56.85;0.223559
2018-08-14;278.93;6199.71;0.274272;54.56;0.216706
2018-08-15;282.36;6308.52;0.282005;54.5;0.216954
2018-08-16;288.05;6334.73;0.292436;55.36;0.216032
2018-08-17;315.73;6580.63;0.366676;61.51;0.23812
2018-08-18;295.81;6423.76;0.3271;57.28;0.224235
2018-08-19;300.83;6506.07;0.343978;57.94;0.222723
2018-08-20;274.32;6308.53;0.319283;54;0.216457
2018-08-21;281.94;6488.76;0.335177;56.35;0.214708
2018-08-22;271.34;6376.71;0.319803;55.32;0.206896
2018-08-23;277.1;6534.88;0.327709;57.54;0.222162
2018-08-24;282.97;6719.96;0.327606;57.93;0.219806
2018-08-25;279.65;6763.19;0.32823;57.91;0.217795
2018-08-26;275.2;6707.26;0.323776;57.33;0.21484
2018-08-27;285.6;6884.64;0.336903;60.25;0.225437
2018-08-28;296.5;7096.28;0.351837;63.02;0.234745
2018-08-29;289.31;7047.16;0.344803;61.77;0.226211
2018-08-30;284.11;6978.23;0.335444;60.32;0.220902
2018-08-31;283;7037.58;0.335332;61.93;0.222076
2018-09-01;295.34;7193.25;0.347721;65.95;0.229722
2018-09-02;294.37;7272.72;0.342523;65.65;0.224744
2018-09-03;289.26;7260.06;0.335961;65.37;0.225325
2018-09-04;285.72;7361.66;0.331652;67.71;0.231268
2018-09-05;232.33;6792.83;0.283601;58.44;0.207437
2018-09-06;230.22;6529.17;0.30271;57.49;0.207484
2018-09-07;217.2;6467.07;0.291435;56.2;0.207662
2018-09-08;197.95;6225.98;0.279333;53.24;0.194437
2018-09-09;196.92;6300.86;0.27868;54.92;0.192781
2018-09-10;197.08;6329.7;0.270321;54.6;0.190839
2018-09-11;185.07;6321.2;0.26371;52.37;0.201071
2018-09-12;183.33;6351.8;0.270087;51.66;0.198293
2018-09-13;211.35;6517.31;0.280583;54.54;0.207806
2018-09-14;211.75;6512.71;0.277159;56.58;0.201743
2018-09-15;223.07;6543.2;0.282008;56.71;0.203202
2018-09-16;220.59;6517.18;0.281166;56.97;0.20651
2018-09-17;197.88;6281.2;0.272251;52.54;0.196827
2018-09-18;209.98;6371.3;0.32186;54.1;0.208417
2018-09-19;209.97;6398.54;0.326053;54.33;0.206563
2018-09-20;224.59;6519.67;0.449918;56.63;0.231897
2018-09-21;246.58;6734.95;0.561462;60.72;0.249211
2018-09-22;240.48;6721.98;0.570798;60.44;0.239225
2018-09-23;244.33;6710.63;0.570689;61.37;0.281478
2018-09-24;228.73;6595.41;0.494712;57.97;0.259048
2018-09-25;218.51;6446.47;0.526941;57.54;0.252306
2018-09-26;215.85;6495;0.516308;57.4;0.244767
2018-09-27;228.49;6676.75;0.541381;62.98;0.259216
2018-09-28;222.4;6644.13;0.539112;61.9;0.254127
2018-09-29;231.64;6601.96;0.571228;61.61;0.253908
2018-09-30;232.85;6625.56;0.581572;61.14;0.259599
2018-10-01;230.77;6589.62;0.576461;60.21;0.258404
2018-10-02;227.18;6556.1;0.520837;59.71;0.248286
2018-10-03;220.49;6502.59;0.528162;57.48;0.241136
2018-10-04;222.22;6576.69;0.526606;58.28;0.244278
2018-10-05;227.6;6622.48;0.519026;58.77;0.245192
2018-10-06;225.12;6588.31;0.488082;57.84;0.239771
2018-10-07;226.12;6602.95;0.482039;58.16;0.245138
2018-10-08;229.26;6652.23;0.489751;59.41;0.249009
2018-10-09;227.98;6642.64;0.479857;58.71;0.243915
2018-10-10;225.77;6585.53;0.462387;57.98;0.241593
2018-10-11;189.5;6256.24;0.38313;51.23;0.207037
2018-10-12;196.73;6274.58;0.419115;53.55;0.216032
2018-10-13;199.84;6285.99;0.418878;53.45;0.21481
2018-10-14;195.72;6290.93;0.403286;52.19;0.210144
2018-10-15;209.7;6596.54;0.447316;54.88;0.223001
2018-10-16;210.12;6596.11;0.470253;54.07;0.227978
2018-10-17;207.08;6544.43;0.468197;53.67;0.240403
2018-10-18;203.35;6476.71;0.457725;52.53;0.239452
2018-10-19;203.73;6465.41;0.454178;53.02;0.242853
2018-10-20;205.43;6489.19;0.459151;53.36;0.244182
2018-10-21;205.14;6482.35;0.456694;52.92;0.241724
2018-10-22;204.04;6487.16;0.453109;52.2;0.242361
2018-10-23;204.34;6475.74;0.462058;52.54;0.242215
2018-10-24;203.85;6495.84;0.457237;52.52;0.23776
2018-10-25;202.72;6476.29;0.458052;52.23;0.235646
2018-10-26;203.33;6474.75;0.459288;52.1;0.234011
2018-10-27;204.21;6480.38;0.456348;51.93;0.22876
2018-10-28;205.37;6486.39;0.462406;51.94;0.232871
2018-10-29;197.25;6332.63;0.441514;49.07;0.222357
2018-10-30;197.56;6334.27;0.444759;49.24;0.225093
2018-10-31;197.38;6317.61;0.448382;49.44;0.223471
2018-11-01;198.87;6377.78;0.455722;50.27;0.222945
2018-11-02;200.64;6388.44;0.458685;51.33;0.234244
2018-11-03;200.19;6361.26;0.455667;50.97;0.235706
2018-11-04;207.49;6376.13;0.462691;53.61;0.241638
2018-11-05;209.09;6419.66;0.497412;53.55;0.246529
2018-11-06;218.45;6461.01;0.54908;55.95;0.265596
2018-11-07;217.18;6530.14;0.535707;54.19;0.256718
2018-11-08;212.23;6453.72;0.493508;52.37;0.256043
2018-11-09;210.07;6385.62;0.500668;51.9;0.255542
2018-11-10;212.53;6409.22;0.506698;52.4;0.26123
2018-11-11;211.34;6411.27;0.505913;51.36;0.273605
2018-11-12;210.42;6371.27;0.517165;50.65;0.267326
2018-11-13;206.83;6359.49;0.510112;49.7;0.257787
2018-11-14;181.4;5738.35;0.474372;43.61;0.233043
2018-11-15;180.81;5648.03;0.481708;43.95;0.241944
2018-11-16;175.18;5575.55;0.471609;42.46;0.23885
2018-11-17;174;5554.33;0.491654;41.93;0.244927
2018-11-18;177.07;5623.54;0.510473;42.33;0.249758
2018-11-19;149.18;4871.49;0.478166;36.64;0.224412
2018-11-20;130.34;4451.87;0.434726;33.04;0.193193
2018-11-21;136.7;4602.17;0.447651;34.67;0.203688
2018-11-22;126.71;4365.94;0.42608;32.2;0.187797
2018-11-23;123.3;4347.11;0.407428;32.16;0.181211
2018-11-24;113.49;3880.76;0.375336;29.22;0.154205
2018-11-25;116.45;4009.97;0.374551;30.89;0.159607
2018-11-26;108.34;3779.13;0.355451;29.41;0.144795
2018-11-27;110.01;3820.72;0.360163;31.07;0.144374
2018-11-28;122.44;4257.42;0.390557;34.63;0.162237
2018-11-29;117.54;4278.85;0.379562;33.8;0.16508
2018-11-30;113.17;4017.27;0.362455;32.06;0.15863
2018-12-01;118.64;4214.67;0.372906;34.34;0.166332
2018-12-02;116.39;4139.88;0.367627;33.71;0.160301
2018-12-03;108.93;3894.13;0.348754;31.07;0.149536
2018-12-04;110.21;3956.89;0.352231;31.19;0.147653
2018-12-05;102.48;3753.99;0.338242;29.3;0.135936
2018-12-06;91.76;3521.1;0.310936;26.94;0.119594
2018-12-07;93.29;3419.94;0.301997;25.27;0.115263
2018-12-08;92.16;3476.11;0.307269;24.86;0.118993
2018-12-09;95.14;3614.23;0.31337;25.95;0.124328
2018-12-10;91.69;3502.66;0.303766;24.62;0.118253
2018-12-11;88.95;3424.59;0.301345;23.8;0.112835
2018-12-12;90.59;3486.95;0.307323;24.49;0.11369
2018-12-13;86.54;3313.68;0.300026;23.67;0.1058
2018-12-14;84.31;3242.48;0.28879;23.46;0.09774
2018-12-15;84.44;3236.76;0.285883;23.78;0.095439
2018-12-16;85.26;3252.84;0.287929;25.6;0.096278
2018-12-17;95.13;3545.86;0.328453;29.27;0.109693
2018-12-18;101.11;3696.06;0.350162;30.14;0.11433
2018-12-19;101.27;3745.95;0.351956;29.68;0.114245
2018-12-20;116.22;4134.44;0.378199;32.82;0.12655
2018-12-21;109.5;3896.54;0.35857;30.8;0.119916
2018-12-22;116.76;4014.18;0.362308;31.86;0.12275
2018-12-23;130.77;3998.98;0.37127;33.46;0.126585
2018-12-24;140.24;4078.6;0.406799;33.2;0.13252
2018-12-25;129.84;3815.49;0.380872;31.13;0.121682
2018-12-26;131.87;3857.3;0.378693;30.99;0.120607
2018-12-27;116.58;3654.83;0.341162;28.29;0.110486
2018-12-28;137.65;3923.92;0.376852;32.51;0.121383
2018-12-29;138.02;3820.41;0.367252;31.57;0.118036
2018-12-30;139.86;3865.95;0.369581;31.98;0.11743
2018-12-31;133.37;3742.7;0.352706;30.47;0.112813
2019-01-01;140.82;3843.52;0.364771;31.98;0.11593
2019-01-02;155.05;3943.41;0.375243;33.43;0.119331
2019-01-03;149.14;3836.74;0.360224;32.03;0.113825
2019-01-04;154.58;3857.72;0.356747;32.4;0.115361
2019-01-05;155.64;3845.19;0.355275;34.94;0.114046
2019-01-06;157.75;4076.63;0.368395;39.3;0.120384
2019-01-07;151.7;4025.25;0.364347;37.81;0.12322
2019-01-08;150.36;4030.85;0.365315;39.48;0.123119
2019-01-09;150.8;4035.3;0.37089;38.99;0.123774
2019-01-10;128.63;3678.92;0.332652;33.87;0.109879
2019-01-11;127.55;3687.37;0.332904;32.33;0.107332
2019-01-12;125.97;3661.3;0.3288;32.38;0.106764
2019-01-13;116.9;3552.95;0.317863;30.33;0.103609
2019-01-14;129.07;3706.05;0.333766;32.36;0.109649
2019-01-15;122.03;3630.68;0.327179;31.51;0.105685
2019-01-16;123.55;3655.01;0.329701;31.82;0.106891
2019-01-17;123.74;3678.56;0.329353;31.89;0.108461
2019-01-18;121.01;3657.84;0.324277;31.31;0.106821
2019-01-19;124.52;3728.57;0.331001;32.55;0.108304
2019-01-20;119.47;3601.01;0.321177;31.18;0.104702
2019-01-21;117.16;3576.03;0.32079;31.21;0.10338
2019-01-22;118.75;3604.58;0.319491;31.68;0.104103
2019-01-23;117.45;3585.12;0.316492;32;0.102576
2019-01-24;117.36;3600.87;0.317598;32.78;0.10221
2019-01-25;116.38;3599.77;0.317165;32.98;0.101741
2019-01-26;116.49;3602.46;0.314235;33.15;0.100014
2019-01-27;113.41;3583.97;0.309439;32.59;0.096316
2019-01-28;106.59;3470.45;0.294863;31.2;0.087904
2019-01-29;105.6;3448.12;0.289558;31.1;0.083923
2019-01-30;108.91;3486.18;0.320461;31.93;0.085634
2019-01-31;107.06;3457.79;0.310036;31.65;0.082631
2019-02-01;107.61;3487.95;0.308517;32.83;0.08358
2019-02-02;110.43;3521.06;0.310912;34.39;0.08309
2019-02-03;107.49;3464.01;0.302352;33.44;0.081347
2019-02-04;107.82;3459.15;0.300198;34.11;0.07973
2019-02-05;107.44;3466.36;0.299239;34.26;0.077882
2019-02-06;104.92;3413.77;0.290727;32.93;0.074387
2019-02-07;104.54;3399.47;0.291618;33.22;0.074688
2019-02-08;119.27;3666.78;0.311683;43.46;0.081224
2019-02-09;119.43;3671.2;0.311284;44.79;0.080808
2019-02-10;124.81;3690.19;0.309909;46.83;0.080393
2019-02-11;121.3;3648.43;0.302741;43.18;0.077595
2019-02-12;122.57;3653.53;0.30519;43.93;0.077616
2019-02-13;122.55;3632.07;0.304284;42;0.07699
2019-02-14;121.39;3616.88;0.301909;41.64;0.076635
2019-02-15;122.1;3620.81;0.301759;42.7;0.079276
2019-02-16;123.26;3629.79;0.301703;43.59;0.078421
2019-02-17;133.6;3673.84;0.30337;43.93;0.079608
2019-02-18;146.1;3915.71;0.321568;48.04;0.083691
2019-02-19;145.35;3947.09;0.323768;47.86;0.089982
2019-02-20;149.55;3999.82;0.33288;51.79;0.091735
2019-02-21;146.13;3954.12;0.321291;49.15;0.089091
2019-02-22;149.09;4005.53;0.321904;49.81;0.090668
2019-02-23;158.8;4142.53;0.33262;51.68;0.094257
2019-02-24;135.85;3810.43;0.301443;44.68;0.084234
2019-02-25;139.82;3882.7;0.32851;46.21;0.087305
2019-02-26;138.09;3854.36;0.319477;45.49;0.0868
2019-02-27;136.13;3851.05;0.313106;45.58;0.086195
2019-02-28;136.75;3854.79;0.315078;46.24;0.085503
2019-03-01;136.44;3859.58;0.317312;47.49;0.085833
2019-03-02;134.21;3864.42;0.315126;49.02;0.08446
2019-03-03;132.25;3847.18;0.312554;48.38;0.087235
2019-03-04;127.77;3761.56;0.305133;46.43;0.083539
2019-03-05;137.82;3896.38;0.316507;53.13;0.086299
2019-03-06;138.79;3903.94;0.317031;55.78;0.085566
2019-03-07;138.03;3911.48;0.314766;57.19;0.085541
2019-03-08;135.13;3901.13;0.310087;56.1;0.087246
2019-03-09;137.97;3963.31;0.313826;58.09;0.089744
2019-03-10;136.76;3951.6;0.313107;57.18;0.100039
2019-03-11;133.83;3905.23;0.311065;55.42;0.102263
2019-03-12;134.44;3909.16;0.310201;57;0.104598
2019-03-13;133.26;3906.72;0.314098;55.93;0.108199
2019-03-14;133.71;3924.37;0.312955;56.58;0.107272
2019-03-15;137.69;3960.91;0.315052;58.99;0.107773
2019-03-16;142.4;4048.73;0.320468;61.84;0.109619
2019-03-17;140;4025.23;0.317612;61.24;0.109385
2019-03-18;139.37;4032.51;0.31744;60.26;0.115914
2019-03-19;140.52;4071.19;0.319281;60.62;0.113248
2019-03-20;140.69;4087.48;0.31961;60.85;0.111403
2019-03-21;136.64;4029.33;0.312718;59.38;0.107947
2019-03-22;137.18;4023.97;0.311541;59.82;0.108693
2019-03-23;138.24;4035.83;0.312359;61.35;0.108281
2019-03-24;136.99;4022.17;0.308992;60.22;0.106012
2019-03-25;135.03;3963.07;0.304055;59.5;0.102469
2019-03-26;135.46;3985.08;0.30506;59.34;0.103379
2019-03-27;140.99;4087.07;0.312465;62.25;0.108062
2019-03-28;139.42;4069.11;0.309246;61.17;0.10744
2019-03-29;142.5;4098.37;0.307929;61.3;0.107572
2019-03-30;142.09;4106.66;0.310632;60.62;0.107359
2019-03-31;141.51;4105.4;0.309229;60.76;0.107651
2019-04-01;141.83;4158.18;0.312747;60.68;0.109615
2019-04-02;163.96;4879.88;0.351499;76.19;0.121901
2019-04-03;161.46;4973.02;0.342234;84.92;0.121339
2019-04-04;158.05;4922.8;0.332513;84.98;0.118788
2019-04-05;165.51;5036.68;0.361803;88.68;0.126367
2019-04-06;165.95;5059.82;0.354405;92.57;0.124729
2019-04-07;174.53;5198.9;0.359856;92.31;0.130303
2019-04-08;180.26;5289.77;0.358234;89.49;0.131996
2019-04-09;176.11;5204.96;0.349462;86.79;0.125384
2019-04-10;177.34;5324.55;0.354792;88.38;0.125462
2019-04-11;165.5;5064.49;0.330984;79.68;0.116685
2019-04-12;164.74;5089.54;0.326346;78.96;0.114609
2019-04-13;164.51;5096.59;0.326031;78.22;0.115898
2019-04-14;167.84;5167.72;0.328809;82.94;0.116663
2019-04-15;161.57;5067.11;0.320913;79.05;0.113629
2019-04-16;167.62;5235.56;0.327218;81.35;0.117505
2019-04-17;166.95;5251.94;0.335453;79.33;0.116636
2019-04-18;173.81;5298.39;0.337065;82.07;0.117363
2019-04-19;173.71;5303.81;0.331902;82.57;0.115737
2019-04-20;173.75;5337.89;0.328476;81.51;0.115532
2019-04-21;170.05;5314.53;0.322449;77.33;0.112404
2019-04-22;171.87;5399.37;0.323934;76.95;0.113495
2019-04-23;171.45;5572.36;0.321222;74.85;0.111824
2019-04-24;165.83;5464.87;0.302318;73.31;0.103259
2019-04-25;154.46;5210.52;0.289384;71.25;0.099075
2019-04-26;156.35;5279.35;0.298502;73.12;0.09914
2019-04-27;158.43;5268.29;0.296741;72.12;0.099951
2019-04-28;157.3;5285.14;0.297426;69.73;0.098736
2019-04-29;155.2;5247.35;0.294289;67.96;0.096475
2019-04-30;162.17;5350.73;0.309476;74.28;0.099953
2019-05-01;160.82;5402.7;0.304696;73.66;0.101351
2019-05-02;162.12;5505.28;0.303239;73.78;0.100275
2019-05-03;167.95;5768.29;0.308222;79.33;0.102295
2019-05-04;164.03;5831.17;0.304552;78.06;0.099677
2019-05-05;163.45;5795.71;0.302342;75.98;0.098927
2019-05-06;172.65;5746.81;0.302389;74.98;0.097809
2019-05-07;169.8;5829.5;0.299684;74.69;0.094926
2019-05-08;170.95;5982.46;0.300721;74.62;0.093697
2019-05-09;170.29;6174.53;0.296509;74.18;0.090232
2019-05-10;173.14;6378.85;0.300387;77.17;0.092452
2019-05-11;194.3;7204.77;0.324543;89.22;0.104228
2019-05-12;187.33;6972.37;0.310074;84.57;0.098866
2019-05-13;196.85;7814.92;0.325475;88.06;0.100416
2019-05-14;217.15;7994.42;0.409062;91.62;0.112994
2019-05-15;247.15;8205.17;0.456005;101.74;0.137002
2019-05-16;264.01;7884.91;0.419707;95.59;0.137283
2019-05-17;243.76;7343.9;0.386193;89;0.126562
2019-05-18;234.6;7271.21;0.372736;86.7;0.128833
2019-05-19;261.29;8197.69;0.4177;95.32;0.141485
2019-05-20;251.86;7978.31;0.398003;91.49;0.135545
2019-05-21;255.22;7963.33;0.397603;91.51;0.134326
2019-05-22;244.7;7680.07;0.376637;88.21;0.124257
2019-05-23;245.97;7881.85;0.381204;89.18;0.125167
2019-05-24;249.48;7987.37;0.384541;99.9;0.125944
2019-05-25;251.76;8052.54;0.38704;102.67;0.125821
2019-05-26;267.07;8673.22;0.408413;111.42;0.133135
2019-05-27;272.86;8805.78;0.434168;118.03;0.136869
2019-05-28;271.77;8719.96;0.446549;114.93;0.13896
2019-05-29;269.46;8659.49;0.443713;115.08;0.136491
2019-05-30;255.86;8319.47;0.422395;108.8;0.130067
2019-05-31;268.11;8574.5;0.438574;114.54;0.133664
2019-06-01;265.39;8564.02;0.430583;112.62;0.133101
2019-06-02;270.23;8742.96;0.444785;114.7;0.137623
2019-06-03;252.61;8208.99;0.425764;107.47;0.129983
2019-06-04;241.34;7707.77;0.400667;102.09;0.122077
2019-06-05;247.05;7824.23;0.402732;103.85;0.121284
2019-06-06;249.47;7822.02;0.41954;111.11;0.124382
2019-06-07;250.93;8043.95;0.42313;117.37;0.127542
2019-06-08;245.74;7954.13;0.412411;118.55;0.126277
2019-06-09;233.09;7688.08;0.388266;115.13;0.119915
2019-06-10;247.52;8000.33;0.400427;129.07;0.12394
2019-06-11;245.78;7927.71;0.394261;136.03;0.122827
2019-06-12;260.9;8145.86;0.40176;135.65;0.126446
2019-06-13;256.17;8230.92;0.400887;131.35;0.124728
2019-06-14;264.09;8693.83;0.405921;133.05;0.12532
2019-06-15;269.02;8838.38;0.410419;138.13;0.126742
2019-06-16;269.22;8994.49;0.427516;137.12;0.129816
2019-06-17;274.35;9320.35;0.44808;134.44;0.131035
2019-06-18;265.05;9081.76;0.428761;135.16;0.124565
2019-06-19;269.43;9273.52;0.436817;136.6;0.124302
2019-06-20;271.7;9527.16;0.429823;135.48;0.121507
2019-06-21;294.91;10144.56;0.443188;138.88;0.124048
2019-06-22;309.38;10701.69;0.474764;141.9;0.12905
2019-06-23;307.83;10855.37;0.468291;136.88;0.127378
2019-06-24;310.42;11011.1;0.470088;135.53;0.127749
2019-06-25;318.13;11790.92;0.468229;136.49;0.124491
2019-06-26;336.75;13016.23;0.467451;131.27;0.122628
2019-06-27;294.27;11182.81;0.408754;114.4;0.107494
2019-06-28;311.23;12407.33;0.427315;120.15;0.11202
2019-06-29;320.06;11959.37;0.429378;133.66;0.114504
2019-06-30;290.7;10817.16;0.396411;122.25;0.104345
2019-07-01;293.64;10583.13;0.406862;122.58;0.105284
2019-07-02;291.6;10801.68;0.400204;119.24;0.10339
2019-07-03;303.1;11961.27;0.408532;122.56;0.106724
2019-07-04;284.52;11215.44;0.388719;119.98;0.099725
2019-07-05;288;10978.46;0.378964;118.35;0.099891
2019-07-06;287.55;11208.55;0.389055;117.82;0.102875
2019-07-07;305.7;11450.85;0.397047;120.32;0.105054
2019-07-08;313.25;12285.96;0.401533;123.29;0.105023
2019-07-09;308.88;12573.81;0.394168;119.43;0.101834
2019-07-10;290;12156.51;0.363775;108.5;0.095057
2019-07-11;268.7;11358.66;0.330335;102.64;0.087008
2019-07-12;276.28;11815.99;0.344118;105.3;0.097963
2019-07-13;269.46;11392.38;0.332179;101.02;0.095468
2019-07-14;227.58;10256.06;0.306426;89.77;0.086249
2019-07-15;229.78;10895.09;0.31531;90.92;0.08649
2019-07-16;199.19;9477.64;0.296726;79.5;0.078318
2019-07-17;211.48;9693.8;0.310613;89.81;0.080627
2019-07-18;226.57;10666.48;0.323176;101.09;0.088882
2019-07-19;221.33;10530.73;0.320605;98.4;0.093768
2019-07-20;229.12;10767.14;0.333209;100.61;0.095111
2019-07-21;225.63;10599.11;0.331309;99.63;0.091202
2019-07-22;217.56;10343.11;0.322106;95.42;0.088876
2019-07-23;212.73;9900.77;0.309926;90.62;0.084468
2019-07-24;217.05;9811.93;0.315947;94.31;0.086002
2019-07-25;219.62;9911.84;0.31481;93.45;0.08569
2019-07-26;219.63;9870.3;0.32353;94.31;0.087965
2019-07-27;207.41;9477.68;0.310528;88.89;0.084323
2019-07-28;211.19;9552.86;0.312288;89.77;0.083678
2019-07-29;211.27;9519.15;0.310658;90.43;0.083513
2019-07-30;210.52;9607.42;0.31847;90.57;0.083562
2019-07-31;218.65;10085.63;0.320909;98.51;0.083932
2019-08-01;217.81;10399.67;0.317906;99.18;0.083026
2019-08-02;217.87;10518.17;0.312394;94.94;0.081989
2019-08-03;222.49;10821.73;0.316757;94.58;0.082395
2019-08-04;222.67;10970.18;0.319842;93.2;0.08213
2019-08-05;234.22;11805.65;0.323564;96.83;0.082619
2019-08-06;226.02;11478.17;0.311326;93.07;0.078212
2019-08-07;226.39;11941.97;0.311969;90.91;0.078641
2019-08-08;220.94;11966.41;0.307661;90.03;0.076857
2019-08-09;210.49;11862.94;0.297343;84.44;0.072203
2019-08-10;206.73;11354.02;0.298721;85.42;0.07375
2019-08-11;216.09;11523.58;0.301915;89.75;0.077841
2019-08-12;211.29;11382.62;0.300322;85.75;0.075415
2019-08-13;208.71;10895.83;0.296639;84.41;0.074162
2019-08-14;186.61;10051.7;0.263343;76.06;0.069183
2019-08-15;188.5;10311.55;0.264882;76.39;0.070261
2019-08-16;185.44;10374.34;0.261971;74.92;0.068921
2019-08-17;185.69;10231.74;0.265721;72.8;0.067888
2019-08-18;194.49;10345.81;0.282646;76.27;0.070785
2019-08-19;203.09;10916.05;0.283328;77.26;0.071795
2019-08-20;196.57;10763.23;0.275806;75.2;0.0702
2019-08-21;186.89;10138.05;0.266261;72.96;0.067697
2019-08-22;191.33;10131.06;0.270944;73.6;0.066138
2019-08-23;194.71;10407.97;0.276545;75.4;0.068925
2019-08-24;191.29;10159.96;0.272553;73.46;0.067262
2019-08-25;186.84;10138.52;0.270088;72.31;0.071676
2019-08-26;188.93;10370.82;0.270788;73.86;0.070189
2019-08-27;187.52;10185.5;0.269618;72.84;0.068786
2019-08-28;173.89;9754.42;0.25745;67.43;0.066325
2019-08-29;169.52;9510.2;0.257045;64.1;0.062954
2019-08-30;168.83;9598.17;0.256218;64.33;0.062299
2019-08-31;172.47;9630.66;0.259204;64.58;0.062931
2019-09-01;171.63;9757.97;0.258054;66.14;0.062469
2019-09-02;178.35;10346.76;0.26082;66.94;0.063233
2019-09-03;179.5;10623.54;0.263139;69.13;0.063209
2019-09-04;175.99;10594.49;0.259905;67.29;0.062178
2019-09-05;174.22;10575.53;0.256346;65.4;0.060461
2019-09-06;169.96;10353.3;0.25234;65.23;0.058645
2019-09-07;178.26;10517.25;0.260687;69.04;0.059404
2019-09-08;181.36;10441.28;0.263084;70.55;0.060882
2019-09-09;181.15;10334.97;0.259562;70.19;0.059846
2019-09-10;179.79;10115.98;0.258671;70.82;0.058373
2019-09-11;178.73;10178.37;0.255956;69.92;0.059784
2019-09-12;181.02;10410.13;0.254811;69.23;0.058469
2019-09-13;181.11;10360.55;0.255551;68.99;0.05694
2019-09-14;188.11;10358.05;0.261167;70.56;0.05774
2019-09-15;189.79;10347.71;0.261628;70.32;0.058123
2019-09-16;197.11;10276.79;0.260952;72.57;0.058621
2019-09-17;208.61;10241.27;0.285013;74.22;0.063745
2019-09-18;211.39;10198.25;0.313776;77.97;0.083118
2019-09-19;221.28;10266.41;0.302441;77.06;0.081387
2019-09-20;218.05;10181.64;0.29447;75.15;0.073912
2019-09-21;215.52;10019.72;0.289443;73.52;0.071119
2019-09-22;211.55;10070.39;0.278931;72.62;0.06892
2019-09-23;201.92;9729.32;0.268675;66.85;0.062548
2019-09-24;168.11;8620.57;0.235226;55.82;0.054504
2019-09-25;170.89;8486.99;0.246441;57.66;0.057019
2019-09-26;166.73;8118.97;0.243784;55.54;0.058507
2019-09-27;174.71;8251.85;0.244021;56.36;0.0599
2019-09-28;174.57;8245.92;0.242571;55.68;0.05866
2019-09-29;170.5;8104.19;0.241388;54.32;0.058127
2019-09-30;179.87;8293.87;0.255933;56.06;0.06144
